{
  "version": 1,
  "author": "Anonymous maker",
  "editor": "wokwi",
  "parts": [
    { "type": "wokwi-arduino-uno", "id": "uno", "top": -162.6, "left": 18.6, "attrs": {} },
    { "type": "wokwi-potentiometer", "id": "pot1", "top": -106.9, "left": 364.6, "attrs": {} }
  ],
  "connections": [
    [ "pot1:GND", "uno:GND.2", "black", [ "v86.4", "h-215.1" ] ],
    [ "uno:5V", "pot1:VCC", "red", [ "v38.3", "h243.8", "v-96" ] ],
    [ "uno:A0", "pot1:SIG", "green", [ "v19.1", "h186.2" ] ]
  ],
  "dependencies": {}
}