{
  "version": 1,
  "author": "Anonymous maker",
  "editor": "wokwi",
  "parts": [
    { "type": "wokwi-arduino-uno", "id": "uno", "top": 39, "left": 133.8, "attrs": {} },
    {
      "type": "wokwi-resistor",
      "id": "r1",
      "top": -110.95,
      "left": 401.8,
      "rotate": 180,
      "attrs": { "value": "300" }
    },
    {
      "type": "wokwi-resistor",
      "id": "r2",
      "top": -53.35,
      "left": 401.8,
      "rotate": 180,
      "attrs": { "value": "300" }
    },
    {
      "type": "wokwi-resistor",
      "id": "r3",
      "top": -91.75,
      "left": 401.8,
      "rotate": 180,
      "attrs": { "value": "300" }
    },
    {
      "type": "wokwi-resistor",
      "id": "r4",
      "top": -72.55,
      "left": 401.8,
      "rotate": 180,
      "attrs": { "value": "300" }
    },
    {
      "type": "wokwi-resistor",
      "id": "r5",
      "top": -34.15,
      "left": 401.8,
      "rotate": 180,
      "attrs": { "value": "300" }
    },
    {
      "type": "wokwi-resistor",
      "id": "r6",
      "top": -14.95,
      "left": 401.8,
      "rotate": 180,
      "attrs": { "value": "300" }
    },
    {
      "type": "wokwi-pushbutton",
      "id": "btn1",
      "top": -58.2,
      "left": 223.8,
      "rotate": 90,
      "attrs": { "color": "red", "xray": "", "key": "1" }
    },
    { "type": "wokwi-7segment", "id": "sevseg1", "top": 4.98, "left": 504.28, "attrs": {} },
    {
      "type": "wokwi-resistor",
      "id": "r7",
      "top": -130.15,
      "left": 401.8,
      "rotate": 180,
      "attrs": { "value": "300" }
    }
  ],
  "connections": [
    [ "uno:GND.1", "btn1:2.r", "black", [ "v-19.2", "h-249.1" ] ],
    [ "sevseg1:A", "r6:1", "green", [ "v-18.36", "h-96" ] ],
    [ "sevseg1:B", "r5:1", "green", [ "v-37.56", "h-115.2" ] ],
    [ "uno:2", "r6:2", "green", [ "v-57.6", "h4.1" ] ],
    [ "uno:5V", "sevseg1:COM.1", "red", [ "v19.1", "h263" ] ],
    [ "sevseg1:COM.2", "uno:5V", "red", [ "h0", "v-8.76", "h57.6", "v249.6", "h-316.8" ] ],
    [ "uno:3", "r5:2", "green", [ "v-76.8", "h4" ] ],
    [ "uno:4", "r2:2", "green", [ "v-96", "h-5.7" ] ],
    [ "uno:5", "r4:2", "green", [ "v-115.2", "h60.2" ] ],
    [ "uno:6", "r3:2", "green", [ "v-134.4", "h3.7" ] ],
    [ "uno:7", "r1:2", "green", [ "v-153.6", "h3.6" ] ],
    [ "sevseg1:C", "r2:1", "green", [ "v9.6", "h-67.2", "v-134.4" ] ],
    [ "sevseg1:D", "r4:1", "green", [ "v19.2", "h-38.4", "v-163.2" ] ],
    [ "sevseg1:E", "r3:1", "green", [ "h-19.2", "v-163.2" ] ],
    [ "sevseg1:F", "r1:1", "green", [ "v-114.36" ] ],
    [ "sevseg1:G", "r7:1", "green", [ "v-133.56" ] ],
    [ "uno:9", "btn1:1.r", "green", [ "v-38.4", "h-28" ] ],
    [ "uno:8", "r7:2", "green", [ "v-172.8", "h0.4" ] ]
  ],
  "dependencies": {}
}