{
  "version": 1,
  "author": "VitaN",
  "editor": "wokwi",
  "parts": [
    { "type": "wokwi-arduino-uno", "id": "uno1", "top": -162.6, "left": 9, "attrs": {} },
    {
      "type": "wokwi-hc-sr04",
      "id": "ultrasonic1",
      "top": -119.7,
      "left": 279.3,
      "rotate": 90,
      "attrs": { "distance": "400" }
    },
    {
      "type": "wokwi-servo",
      "id": "servo1",
      "top": -365.8,
      "left": 49.8,
      "rotate": 270,
      "attrs": {}
    }
  ],
  "connections": [
    [ "ultrasonic1:VCC", "uno1:5V", "red", [ "v144", "h-253.4" ] ],
    [ "ultrasonic1:GND", "uno1:GND.3", "black", [ "h-9.6", "v104.4", "h-224.8" ] ],
    [ "ultrasonic1:TRIG", "uno1:13", "gray", [ "h-9.6", "v-106", "h-278.8" ] ],
    [ "ultrasonic1:ECHO", "uno1:12", "white", [ "h-19.2", "v-106.4", "h-259.7" ] ],
    [ "servo1:GND", "uno1:GND.1", "black", [ "v19.2", "h-105.6" ] ],
    [ "servo1:V+", "ultrasonic1:VCC", "red", [ "v19.2", "h182.5", "v134.4" ] ],
    [ "servo1:PWM", "uno1:9", "green", [ "v28.8", "h28.2" ] ]
  ],
  "dependencies": {}
}