{
  "version": 1,
  "author": "Sergey Polevoy",
  "editor": "wokwi",
  "parts": [
    { "type": "wokwi-arduino-uno", "id": "uno", "top": 29.4, "left": -29.4, "attrs": {} },
    { "type": "wokwi-lcd1602", "id": "lcd1", "top": -198.17, "left": 16, "attrs": {} },
    {
      "type": "wokwi-analog-joystick",
      "id": "joystick1",
      "top": -183,
      "left": 331.8,
      "attrs": {}
    }
  ],
  "connections": [
    [ "lcd1:VSS", "uno:GND.1", "black", [ "v86.4", "h38.1" ] ],
    [ "lcd1:K", "lcd1:VSS", "black", [ "v9.6", "h-144" ] ],
    [ "lcd1:VDD", "uno:5V", "red", [ "v38.4", "h-115.1", "v268.8", "h188.2" ] ],
    [ "lcd1:A", "lcd1:VDD", "red", [ "v19.2", "h-124.9" ] ],
    [ "lcd1:RW", "lcd1:VSS", "black", [ "v28.8", "h-38.5" ] ],
    [ "lcd1:RS", "uno:7", "green", [ "v76.8", "h83.1" ] ],
    [ "lcd1:E", "uno:6", "green", [ "v67.2", "h73.1" ] ],
    [ "lcd1:D4", "uno:5", "green", [ "v57.6", "h34.6" ] ],
    [ "lcd1:D5", "uno:4", "green", [ "v48", "h34.6" ] ],
    [ "lcd1:D6", "uno:3", "green", [ "v38.4", "h34.6" ] ],
    [ "lcd1:D7", "uno:2", "green", [ "v28.8", "h34.6" ] ],
    [ "joystick1:VCC", "lcd1:VDD", "red", [ "v19.2", "h-297.6" ] ],
    [ "joystick1:GND", "lcd1:K", "black", [ "v9.6", "h-201.6" ] ],
    [ "joystick1:VERT", "uno:A5", "gold", [ "v307.2", "h-148.3" ] ],
    [ "joystick1:HORZ", "uno:A4", "blue", [ "v316.8", "h-167.4" ] ],
    [ "joystick1:SEL", "uno:A3", "white", [ "v326.4", "h-186.5" ] ]
  ],
  "dependencies": {}
}