{
  "version": 1,
  "author": "Anonymous maker",
  "editor": "wokwi",
  "parts": [
    { "type": "wokwi-arduino-uno", "id": "uno", "top": 39, "left": 47.4, "attrs": {} },
    {
      "type": "wokwi-resistor",
      "id": "r1",
      "top": -110.95,
      "left": 286.6,
      "rotate": 180,
      "attrs": { "value": "300" }
    },
    {
      "type": "wokwi-resistor",
      "id": "r2",
      "top": -53.35,
      "left": 286.6,
      "rotate": 180,
      "attrs": { "value": "300" }
    },
    {
      "type": "wokwi-resistor",
      "id": "r3",
      "top": -91.75,
      "left": 286.6,
      "rotate": 180,
      "attrs": { "value": "300" }
    },
    {
      "type": "wokwi-resistor",
      "id": "r4",
      "top": -72.55,
      "left": 286.6,
      "rotate": 180,
      "attrs": { "value": "300" }
    },
    {
      "type": "wokwi-resistor",
      "id": "r5",
      "top": -34.15,
      "left": 286.6,
      "rotate": 180,
      "attrs": { "value": "300" }
    },
    {
      "type": "wokwi-resistor",
      "id": "r6",
      "top": -14.95,
      "left": 286.6,
      "rotate": 180,
      "attrs": { "value": "300" }
    },
    {
      "type": "wokwi-pushbutton",
      "id": "btn1",
      "top": -118.6,
      "left": -19.2,
      "attrs": { "label": "Пуск/Стоп", "color": "green", "xray": "", "key": "1" }
    },
    {
      "type": "wokwi-pushbutton",
      "id": "btn2",
      "top": -118.6,
      "left": 86.4,
      "attrs": { "label": "Сброс", "color": "red", "xray": "", "key": "1" }
    },
    {
      "type": "wokwi-7segment",
      "id": "sevseg1",
      "top": 44.22,
      "left": 413.92,
      "attrs": { "digits": "4", "common": "cathode" }
    },
    {
      "type": "wokwi-resistor",
      "id": "r7",
      "top": -130.15,
      "left": 286.6,
      "rotate": 180,
      "attrs": { "value": "300" }
    },
    {
      "type": "wokwi-resistor",
      "id": "r8",
      "top": -149.35,
      "left": 286.6,
      "rotate": 180,
      "attrs": { "value": "300" }
    }
  ],
  "connections": [
    [ "sevseg1:A", "r6:1", "green", [ "v0", "v-57.6" ] ],
    [ "sevseg1:B", "r5:1", "green", [ "v-76.8", "h-153.6" ] ],
    [ "uno:2", "r6:2", "green", [ "v-57.6", "h4.1" ] ],
    [ "uno:5V", "sevseg1:COM.1", "red", [ "v19.1", "h263" ] ],
    [ "sevseg1:COM.2", "uno:5V", "red", [ "h0", "v-8.76", "h57.6", "v249.6", "h-316.8" ] ],
    [ "uno:3", "r5:2", "green", [ "v-76.8", "h4" ] ],
    [ "uno:4", "r2:2", "green", [ "v-96", "h-5.7" ] ],
    [ "uno:5", "r4:2", "green", [ "v-115.2", "h60.2" ] ],
    [ "uno:6", "r3:2", "green", [ "v-134.4", "h3.7" ] ],
    [ "uno:7", "r1:2", "green", [ "v-153.6", "h3.6" ] ],
    [ "sevseg1:C", "r2:1", "green", [ "v18.36", "h105.6", "v-182.4" ] ],
    [ "sevseg1:D", "r4:1", "green", [ "v37.56", "h144", "v-220.8" ] ],
    [ "sevseg1:E", "r3:1", "green", [ "v18.36", "h-76.79", "v-220.8" ] ],
    [ "sevseg1:F", "r1:1", "green", [ "v-114.36" ] ],
    [ "sevseg1:G", "r7:1", "green", [ "v66.36", "h-153.6", "v-307.2" ] ],
    [ "uno:8", "r7:2", "green", [ "v-172.8", "h0.4" ] ],
    [ "uno:9", "r8:2", "green", [ "v-192", "h0.8" ] ],
    [ "sevseg1:DP", "r8:1", "green", [ "v47.16", "h-115.2", "v-307.2" ] ],
    [ "sevseg1:DIG1", "uno:10", "green", [ "v-211.2", "h-278.39" ] ],
    [ "sevseg1:DIG2", "uno:11", "green", [ "v-220.8", "h-316.8" ] ],
    [ "sevseg1:DIG3", "uno:12", "green", [ "v-230.4", "h-336" ] ],
    [ "uno:13", "sevseg1:DIG4", "green", [ "v-19.2", "h173.2", "v172.8", "h182.4" ] ],
    [ "btn1:1.l", "uno:A0", "green", [ "h-9.6", "v364.8", "h278.4" ] ],
    [ "btn1:2.l", "uno:GND.2", "green", [ "h0", "v336.2", "h240" ] ],
    [ "btn2:1.l", "uno:A1", "green", [ "h-9.6", "v57.6", "h-76.8", "v336", "h264.9" ] ],
    [ "btn2:2.l", "uno:GND.2", "green", [ "h0", "v48.2", "h-76.8", "v316.8", "h201.6" ] ]
  ],
  "dependencies": {}
}