{
  "version": 1,
  "author": "Anonymous maker",
  "editor": "wokwi",
  "parts": [
    { "type": "wokwi-arduino-uno", "id": "uno", "top": 39, "left": 133.8, "attrs": {} },
    {
      "type": "wokwi-rgb-led",
      "id": "rgb1",
      "top": -178.4,
      "left": 260.3,
      "attrs": { "common": "anode" }
    },
    {
      "type": "wokwi-resistor",
      "id": "r1",
      "top": -81.6,
      "left": 258.65,
      "rotate": 90,
      "attrs": { "value": "300" }
    },
    {
      "type": "wokwi-resistor",
      "id": "r2",
      "top": -81.6,
      "left": 277.85,
      "rotate": 90,
      "attrs": { "value": "300" }
    },
    {
      "type": "wokwi-resistor",
      "id": "r3",
      "top": -81.6,
      "left": 239.45,
      "rotate": 90,
      "attrs": { "value": "300" }
    },
    {
      "type": "wokwi-pushbutton",
      "id": "btn1",
      "top": -144.1,
      "left": -169.3,
      "rotate": 90,
      "attrs": { "color": "red", "xray": "", "key": "1" }
    },
    {
      "type": "wokwi-pushbutton",
      "id": "btn2",
      "top": -144.1,
      "left": -111.7,
      "rotate": 90,
      "attrs": { "color": "green", "xray": "", "key": "2" }
    },
    {
      "type": "wokwi-pushbutton",
      "id": "btn3",
      "top": -144.1,
      "left": -44.5,
      "rotate": 90,
      "attrs": { "color": "red", "xray": "1" }
    },
    {
      "type": "wokwi-pushbutton",
      "id": "btn4",
      "top": -144.1,
      "left": 13.1,
      "rotate": 90,
      "attrs": { "color": "green", "xray": "1" }
    },
    {
      "type": "wokwi-pushbutton",
      "id": "btn5",
      "top": -144.1,
      "left": 80.3,
      "rotate": 90,
      "attrs": { "color": "red", "xray": "1" }
    },
    {
      "type": "wokwi-pushbutton",
      "id": "btn6",
      "top": -144.1,
      "left": 137.9,
      "rotate": 90,
      "attrs": { "color": "green", "xray": "1" }
    }
  ],
  "connections": [
    [ "uno:5V", "rgb1:COM", "red", [ "v19.1", "h157.4", "v-345.2" ] ],
    [ "r2:1", "rgb1:B", "green", [ "v-28.8", "h-11.2" ] ],
    [ "r1:1", "rgb1:G", "green", [ "v-19.2", "h94.7" ] ],
    [ "r3:1", "rgb1:R", "green", [ "v-28.8", "h96" ] ],
    [ "uno:9", "r2:2", "green", [ "v-19.2", "h87.2" ] ],
    [ "uno:10", "r1:2", "green", [ "v-28.8", "h87.1" ] ],
    [ "uno:11", "r3:2", "green", [ "v-19.2", "h-9" ] ],
    [ "btn1:1.r", "uno:2", "green", [ "v86.6", "h456.7" ] ],
    [ "uno:GND.1", "btn1:2.r", "black", [ "v-19.2", "h-249.1" ] ],
    [ "uno:3", "btn2:1.r", "green", [ "v-57.6", "h-389.6" ] ],
    [ "uno:GND.1", "btn2:2.r", "black", [ "v-19.2", "h-182.1" ] ],
    [ "uno:GND.1", "btn3:2.r", "black", [ "v-19.2", "h-114.7" ] ],
    [ "uno:4", "btn3:1.r", "green", [ "v-67.2", "h-312.9" ] ],
    [ "uno:GND.1", "btn4:2.r", "black", [ "v-19.2", "h-57.1" ] ],
    [ "uno:5", "btn4:1.r", "green", [ "v-76.8", "h-245.8" ] ],
    [ "uno:GND.1", "btn5:2.r", "black", [ "v-19.2", "h-57.3" ] ],
    [ "uno:GND.1", "btn6:2.r", "black", [ "v-19.2", "h0.3" ] ],
    [ "btn5:1.r", "uno:6", "green", [ "v48.2", "h163.2" ] ],
    [ "btn6:1.r", "uno:7", "green", [ "v38.6", "h144" ] ]
  ],
  "dependencies": {}
}