{
  "version": 1,
  "author": "VitaN",
  "editor": "wokwi",
  "parts": [
    { "type": "wokwi-arduino-uno", "id": "uno1", "top": 39, "left": 57, "attrs": {} },
    { "type": "wokwi-lcd1602", "id": "lcd1", "top": -265.37, "left": 121.6, "attrs": {} },
    {
      "type": "wokwi-rgb-led",
      "id": "rgb1",
      "top": -130.4,
      "left": 327.5,
      "attrs": { "common": "anode" }
    },
    {
      "type": "wokwi-resistor",
      "id": "r1",
      "top": -52.8,
      "left": 325.85,
      "rotate": 90,
      "attrs": { "value": "300" }
    },
    {
      "type": "wokwi-resistor",
      "id": "r2",
      "top": -52.8,
      "left": 345.05,
      "rotate": 90,
      "attrs": { "value": "300" }
    },
    {
      "type": "wokwi-resistor",
      "id": "r3",
      "top": -52.8,
      "left": 306.65,
      "rotate": 90,
      "attrs": { "value": "300" }
    },
    {
      "type": "wokwi-hc-sr04",
      "id": "ultrasonic1",
      "top": 81.9,
      "left": 384.9,
      "rotate": 90,
      "attrs": { "distance": "309" }
    }
  ],
  "connections": [
    [ "lcd1:VSS", "uno1:GND.1", "black", [ "v9.6", "h18.9" ] ],
    [ "lcd1:VDD", "uno1:5V", "red", [ "v19.2", "h-115.1", "v384", "h169" ] ],
    [ "lcd1:RW", "lcd1:VSS", "black", [ "v9.6", "h-38.5" ] ],
    [ "lcd1:RS", "uno1:7", "green", [ "v76.8", "h83.1" ] ],
    [ "lcd1:E", "uno1:6", "green", [ "v67.2", "h73.1" ] ],
    [ "lcd1:D4", "uno1:5", "green", [ "v57.6", "h34.6" ] ],
    [ "lcd1:D5", "uno1:4", "green", [ "v48", "h34.6" ] ],
    [ "lcd1:D6", "uno1:3", "green", [ "v38.4", "h34.6" ] ],
    [ "lcd1:D7", "uno1:2", "green", [ "v28.8", "h15.4" ] ],
    [ "lcd1:RW", "lcd1:K", "black", [ "v9.6", "h105.5" ] ],
    [ "r3:1", "rgb1:R", "green", [ "h0" ] ],
    [ "r1:1", "rgb1:G", "green", [ "h-19.2" ] ],
    [ "r2:1", "rgb1:B", "green", [ "h0", "v-9.6", "h-28.8" ] ],
    [ "rgb1:COM", "uno1:5V", "red", [ "v345.2", "h-243.7" ] ],
    [ "uno1:11", "r3:2", "blue", [ "v-38.4", "h279" ] ],
    [ "lcd1:A", "lcd1:VDD", "red", [ "v19.2", "h-124.9" ] ],
    [ "uno1:10", "r1:2", "blue", [ "v-28.8", "h307.9" ] ],
    [ "uno1:9", "r2:2", "blue", [ "v-19.2", "h317.6" ] ],
    [ "ultrasonic1:VCC", "uno1:5V", "red", [ "h-19.2", "v134.4", "h-243.8" ] ],
    [ "ultrasonic1:TRIG", "uno1:13", "gold", [ "h-28.8", "v-134.8", "h-211.2", "v57.6" ] ],
    [ "uno1:GND.2", "ultrasonic1:GND", "black", [ "v28.7", "h253.5" ] ],
    [ "ultrasonic1:ECHO", "uno1:12", "gold", [ "h-38.4", "v-135.2", "h-144.5" ] ]
  ],
  "dependencies": {}
}