{
  "version": 1,
  "author": "Anonymous maker",
  "editor": "wokwi",
  "parts": [
    { "type": "wokwi-arduino-uno", "id": "uno", "top": 10.2, "left": -0.6, "attrs": {} },
    {
      "type": "wokwi-rgb-led",
      "id": "rgb1",
      "top": -178.4,
      "left": 260.3,
      "attrs": { "common": "anode" }
    },
    {
      "type": "wokwi-resistor",
      "id": "r1",
      "top": -62.4,
      "left": 249.05,
      "rotate": 90,
      "attrs": { "value": "300" }
    },
    {
      "type": "wokwi-resistor",
      "id": "r2",
      "top": -62.4,
      "left": 268.25,
      "rotate": 90,
      "attrs": { "value": "300" }
    },
    {
      "type": "wokwi-resistor",
      "id": "r3",
      "top": -62.4,
      "left": 229.85,
      "rotate": 90,
      "attrs": { "value": "300" }
    },
    {
      "type": "wokwi-pushbutton",
      "id": "btn1",
      "top": -115.8,
      "left": 89.4,
      "rotate": 90,
      "attrs": { "color": "red", "bounce": "1", "key": "1", "xray": "" }
    }
  ],
  "connections": [
    [ "uno:5V", "rgb1:COM", "red", [ "v19.1", "h157.4", "v-345.2" ] ],
    [ "r2:1", "rgb1:B", "green", [ "v0" ] ],
    [ "r1:1", "rgb1:G", "green", [ "v-9.6", "h8.3" ] ],
    [ "r3:1", "rgb1:R", "green", [ "v-28.8", "h19.2" ] ],
    [ "uno:GND.1", "btn1:2.r", "black", [ "v-67.2", "h57.7" ] ],
    [ "uno:9", "r2:2", "green", [ "v-19.2", "h135.2" ] ],
    [ "uno:10", "r1:2", "green", [ "v-28.8", "h125.5" ] ],
    [ "uno:11", "r3:2", "green", [ "v-38.4", "h115.8" ] ],
    [ "uno:2", "btn1:1.r", "green", [ "v-48", "h-101.5" ] ]
  ],
  "dependencies": {}
}