{
  "version": 1,
  "author": "VitaN",
  "editor": "wokwi",
  "parts": [
    {
      "type": "wokwi-ntc-temperature-sensor",
      "id": "ntc1",
      "top": 59.7,
      "left": 537.1,
      "rotate": 90,
      "attrs": {}
    },
    {
      "type": "wokwi-ntc-temperature-sensor",
      "id": "ntc2",
      "top": 59.7,
      "left": 431.5,
      "rotate": 90,
      "attrs": {}
    },
    {
      "type": "wokwi-ntc-temperature-sensor",
      "id": "ntc3",
      "top": 59.7,
      "left": 325.9,
      "rotate": 90,
      "attrs": {}
    },
    { "type": "wokwi-arduino-uno", "id": "uno1", "top": 39, "left": 57, "attrs": {} },
    { "type": "wokwi-lcd1602", "id": "lcd1", "top": -178.97, "left": 121.6, "attrs": {} },
    {
      "type": "wokwi-resistor",
      "id": "r1",
      "top": -34.45,
      "left": 316.8,
      "attrs": { "value": "1000" }
    }
  ],
  "connections": [
    [ "lcd1:VSS", "uno1:GND.1", "black", [ "v9.6", "h18.9" ] ],
    [ "lcd1:VDD", "uno1:5V", "red", [ "v38.4", "h-115.1", "v288", "h169" ] ],
    [ "lcd1:RW", "lcd1:VSS", "black", [ "v9.6", "h-38.5" ] ],
    [ "lcd1:RS", "uno1:7", "green", [ "v76.8", "h83.1" ] ],
    [ "lcd1:E", "uno1:6", "green", [ "v67.2", "h73.1" ] ],
    [ "lcd1:D4", "uno1:5", "green", [ "v57.6", "h34.6" ] ],
    [ "lcd1:D5", "uno1:4", "green", [ "v48", "h34.6" ] ],
    [ "lcd1:D6", "uno1:3", "green", [ "v38.4", "h34.6" ] ],
    [ "lcd1:D7", "uno1:2", "green", [ "v28.8", "h34.6" ] ],
    [ "ntc2:GND", "ntc3:GND", "black", [ "v28.8", "h-105.6" ] ],
    [ "ntc3:GND", "uno1:GND.2", "black", [ "v124.8", "h-186.3" ] ],
    [ "ntc3:VCC", "uno1:5V", "red", [ "v115.2", "h-186.2" ] ],
    [ "ntc2:VCC", "ntc3:VCC", "red", [ "v19.2", "h-105.6" ] ],
    [ "ntc3:OUT", "uno1:A0", "green", [ "v86.4", "h-128.5" ] ],
    [ "ntc2:OUT", "uno1:A1", "green", [ "h0.1", "v96", "h-224.7" ] ],
    [ "ntc1:OUT", "uno1:A2", "green", [ "h0.1", "v105.6", "h-320.8" ] ],
    [ "ntc2:VCC", "ntc1:VCC", "red", [ "v19.2", "h105.6" ] ],
    [ "ntc2:GND", "ntc1:GND", "black", [ "v28.8", "h105.6" ] ],
    [ "lcd1:A", "r1:1", "red", [ "v19.2", "h28.7" ] ],
    [ "r1:2", "lcd1:VDD", "red", [ "v19.2", "h-212.4" ] ],
    [ "lcd1:RW", "lcd1:K", "black", [ "v9.6", "h105.5" ] ]
  ],
  "dependencies": {}
}