{
  "version": 1,
  "author": "VitaN",
  "editor": "wokwi",
  "parts": [
    { "type": "wokwi-arduino-uno", "id": "uno", "top": 48.6, "left": -29.4, "attrs": {} },
    { "type": "wokwi-lcd1602", "id": "lcd1", "top": -198.17, "left": 16, "attrs": {} },
    {
      "type": "wokwi-pir-motion-sensor",
      "id": "pir1",
      "top": -16.92,
      "left": -158.7,
      "rotate": 270,
      "attrs": { "delayTime": "1" }
    },
    {
      "type": "wokwi-analog-joystick",
      "id": "joystick1",
      "top": -183,
      "left": 331.8,
      "attrs": {}
    },
    { "type": "wokwi-led", "id": "led1", "top": -166.8, "left": -25, "attrs": { "color": "red" } },
    {
      "type": "wokwi-resistor",
      "id": "r1",
      "top": -91.2,
      "left": -29.35,
      "rotate": 90,
      "attrs": { "value": "1000" }
    }
  ],
  "connections": [
    [ "lcd1:VSS", "uno:GND.1", "black", [ "v105.6", "h38.1" ] ],
    [ "lcd1:K", "lcd1:VSS", "black", [ "v9.6", "h-144" ] ],
    [ "lcd1:VDD", "uno:5V", "red", [ "v19.2", "h-115.1", "v307.2", "h188.2" ] ],
    [ "lcd1:A", "lcd1:VDD", "red", [ "v19.2", "h-124.9" ] ],
    [ "lcd1:RW", "lcd1:VSS", "black", [ "v28.8", "h-38.5" ] ],
    [ "lcd1:RS", "uno:7", "green", [ "v76.8", "h83.1" ] ],
    [ "lcd1:E", "uno:6", "green", [ "v67.2", "h73.1" ] ],
    [ "lcd1:D4", "uno:5", "green", [ "v57.6", "h34.6" ] ],
    [ "lcd1:D5", "uno:4", "green", [ "v48", "h34.6" ] ],
    [ "lcd1:D6", "uno:3", "green", [ "v38.4", "h34.6" ] ],
    [ "lcd1:D7", "uno:2", "green", [ "v28.8", "h34.6" ] ],
    [ "joystick1:VCC", "lcd1:VDD", "red", [ "v19.2", "h-297.6" ] ],
    [ "joystick1:GND", "lcd1:K", "black", [ "v9.6", "h-201.6" ] ],
    [ "joystick1:VERT", "uno:A5", "white", [ "v326.4", "h-148.3" ] ],
    [ "joystick1:HORZ", "uno:A4", "white", [ "v336", "h-167.4" ] ],
    [ "joystick1:SEL", "uno:A3", "white", [ "v345.6", "h-186.5" ] ],
    [ "led1:A", "r1:1", "white", [ "v0" ] ],
    [ "uno:13", "r1:2", "green", [ "v-38.4", "h-95.6" ] ],
    [ "lcd1:VSS", "led1:C", "black", [ "v28.8", "h-58" ] ],
    [ "led1:C", "pir1:GND", "black", [ "v86.4", "h-57.2" ] ],
    [ "uno:12", "pir1:OUT", "white", [ "v-28.8", "h-143.5", "v-9.74" ] ],
    [ "pir1:VCC", "uno:5V", "red", [ "h9.6", "v220.8", "h188.2" ] ]
  ],
  "dependencies": {}
}