{
  "version": 1,
  "author": "Anonymous maker",
  "editor": "wokwi",
  "parts": [
    { "type": "wokwi-arduino-uno", "id": "uno", "top": 10.2, "left": -10.2, "attrs": {} },
    {
      "type": "wokwi-resistor",
      "id": "r1",
      "top": -100.8,
      "left": 229.85,
      "rotate": 90,
      "attrs": { "value": "300" }
    },
    {
      "type": "wokwi-resistor",
      "id": "r2",
      "top": -100.8,
      "left": 85.85,
      "rotate": 90,
      "attrs": { "value": "300" }
    },
    {
      "type": "wokwi-resistor",
      "id": "r3",
      "top": -100.8,
      "left": 28.25,
      "rotate": 90,
      "attrs": { "value": "300" }
    },
    {
      "type": "wokwi-resistor",
      "id": "r4",
      "top": -100.8,
      "left": 143.45,
      "rotate": 90,
      "attrs": { "value": "300" }
    },
    {
      "type": "wokwi-resistor",
      "id": "r5",
      "top": -100.8,
      "left": 172.25,
      "rotate": 90,
      "attrs": { "value": "300" }
    },
    {
      "type": "wokwi-resistor",
      "id": "r6",
      "top": -100.8,
      "left": 114.65,
      "rotate": 90,
      "attrs": { "value": "300" }
    },
    {
      "type": "wokwi-resistor",
      "id": "r7",
      "top": -100.8,
      "left": 201.05,
      "rotate": 90,
      "attrs": { "value": "300" }
    },
    {
      "type": "wokwi-resistor",
      "id": "r8",
      "top": -100.8,
      "left": 57.05,
      "rotate": 90,
      "attrs": { "value": "300" }
    },
    {
      "type": "wokwi-led-bar-graph",
      "id": "bargraph1",
      "top": -216,
      "left": -91.2,
      "attrs": { "color": "lime" }
    }
  ],
  "connections": [
    [ "uno:5V", "bargraph1:A10", "red", [ "v38.3", "h-274.6", "v-383.99" ] ],
    [ "bargraph1:A10", "bargraph1:A9", "green", [ "h0" ] ],
    [ "bargraph1:A9", "bargraph1:A8", "green", [ "h0" ] ],
    [ "bargraph1:A8", "bargraph1:A7", "green", [ "h0" ] ],
    [ "bargraph1:A7", "bargraph1:A6", "green", [ "h0" ] ],
    [ "bargraph1:A6", "bargraph1:A5", "green", [ "h0" ] ],
    [ "bargraph1:A5", "bargraph1:A4", "green", [ "h0" ] ],
    [ "bargraph1:A4", "bargraph1:A3", "green", [ "h0" ] ],
    [ "bargraph1:A3", "bargraph1:A2", "green", [ "h0" ] ],
    [ "bargraph1:A2", "bargraph1:A1", "green", [ "h0" ] ],
    [ "r1:1", "bargraph1:C1", "green", [ "v-86.4", "h-259.42" ] ],
    [ "r7:1", "bargraph1:C2", "green", [ "v-76.8", "h-230.62" ] ],
    [ "r5:1", "bargraph1:C3", "green", [ "v-67.2", "h-201.82" ] ],
    [ "r4:1", "bargraph1:C4", "green", [ "v-57.6", "h-173.02" ] ],
    [ "r6:1", "bargraph1:C5", "green", [ "v-48", "h-144.22" ] ],
    [ "r2:1", "bargraph1:C6", "green", [ "v-38.4", "h-115.42" ] ],
    [ "r8:1", "bargraph1:C7", "green", [ "v-28.8", "h-86.62" ] ],
    [ "r3:1", "bargraph1:C8", "green", [ "v-19.2", "h-125.02" ] ],
    [ "uno:2", "r1:2", "green", [ "v-19.2", "h32.9" ] ],
    [ "uno:3", "r7:2", "green", [ "v-28.8", "h13.6" ] ],
    [ "uno:4", "r5:2", "green", [ "v0" ] ],
    [ "uno:5", "r4:2", "green", [ "v-76.8", "h-25" ] ],
    [ "uno:6", "r6:2", "green", [ "v-67.2", "h-44.3" ] ],
    [ "uno:7", "r2:2", "green", [ "v-57.6", "h-63.6" ] ],
    [ "uno:8", "r8:2", "green", [ "v-48", "h-76.4" ] ],
    [ "uno:9", "r3:2", "green", [ "v-38.4", "h-95.2" ] ]
  ],
  "dependencies": {}
}