{
  "version": 1,
  "author": "Anonymous maker",
  "editor": "wokwi",
  "parts": [
    { "type": "wokwi-arduino-uno", "id": "uno", "top": 10.2, "left": -0.6, "attrs": {} },
    {
      "type": "wokwi-rgb-led",
      "id": "rgb1",
      "top": -120.8,
      "left": 77.9,
      "attrs": { "common": "anode" }
    },
    {
      "type": "wokwi-resistor",
      "id": "r1",
      "top": -53.65,
      "left": 153.6,
      "attrs": { "value": "300" }
    },
    {
      "type": "wokwi-resistor",
      "id": "r2",
      "top": -82.45,
      "left": 153.6,
      "attrs": { "value": "300" }
    },
    {
      "type": "wokwi-resistor",
      "id": "r3",
      "top": -24.85,
      "left": 134.4,
      "attrs": { "value": "300" }
    }
  ],
  "connections": [
    [ "uno:3", "r1:2", "green", [ "v0" ] ],
    [ "uno:5V", "rgb1:COM", "red", [ "h-207.4", "v-306.9" ] ],
    [ "r2:1", "rgb1:B", "green", [ "v0" ] ],
    [ "r1:1", "rgb1:G", "green", [ "h-28.8", "v0", "h-20.5" ] ],
    [ "r3:1", "rgb1:R", "green", [ "h-76.8", "v-96" ] ],
    [ "uno:2", "r2:2", "green", [ "v0" ] ],
    [ "uno:4", "r3:2", "green", [ "v0" ] ]
  ],
  "dependencies": {}
}