{
  "version": 1,
  "author": "VitaN",
  "editor": "wokwi",
  "parts": [
    { "type": "wokwi-arduino-uno", "id": "uno", "top": 0.6, "left": -0.6, "attrs": {} },
    {
      "type": "wokwi-a4988",
      "id": "drv1",
      "top": -110.2,
      "left": 168.4,
      "rotate": 270,
      "attrs": {}
    },
    {
      "type": "wokwi-stepper-motor",
      "id": "stepper1",
      "top": -313.19,
      "left": 115.63,
      "attrs": { "size": "17", "arrow": "orange" }
    }
  ],
  "connections": [
    [ "uno:2", "drv1:DIR", "green", [ "v-38.4", "h-5.5" ] ],
    [ "uno:3", "drv1:STEP", "green", [ "v-28.8", "h-5.6" ] ],
    [ "drv1:SLEEP", "drv1:RESET", "green", [ "v9.6", "h-9.6" ] ],
    [ "drv1:2B", "stepper1:A-", "green", [ "v-28.95", "h-9.52" ] ],
    [ "drv1:2A", "stepper1:A+", "green", [ "v-38.55", "h-9.52" ] ],
    [ "drv1:1A", "stepper1:B+", "green", [ "v-48.15", "h-9.52" ] ],
    [ "drv1:1B", "stepper1:B-", "green", [ "v0" ] ]
  ],
  "dependencies": {}
}